{
    "event": {
      "header": {
        "namespace": "Alexa.Discovery",
        "name": "Discover.Response",
        "payloadVersion": "3",
        "messageId": "ceda35ac-eb80-4b51-9107-52507944c7d6"
      },
      "payload": {
        "endpoints": [
          {
            "endpointId": "532a5d5a120e0cc0",
            "manufacturerName": "Velux",
            "friendlyName": "Roller Shutter SU2",
            "description": "A Velux roller shutter",
            "displayCategories": [
              "EXTERIOR_BLIND"
            ],
            "additionalAttributes": {
              "manufacturer": "Velux",
              "model": "NXO",
              "customIdentifier": "532a5d5a120e0cc0"
            },
            "cookie": {},
            "capabilities": [
              {
                "type": "AlexaInterface",
                "interface": "Alexa",
                "version": "3"
              },
              {
                "type": "AlexaInterface",
                "interface": "Alexa.ModeController",
                "version": "3",
                "instance": "Shutter.Position",
                "capabilityResources": {
                  "friendlyNames": [
                    {
                      "@type": "text",
                      "value": {
                        "text": "Shutter",
                        "locale": "en-US"
                      }
                    },
                    {
                      "@type": "text",
                      "value": {
                        "text": "Rolladen",
                        "locale": "de-DE"
                      }
                    },
                    {
                      "@type": "asset",
                      "value": {
                        "assetId": "Alexa.DeviceName.Shade"
                      }
                    }
                  ]
                },
                "configuration": {
                  "ordered": false,
                  "supportedModes": [
                    {
                      "value": "open",
                      "modeResources": {
                        "friendlyNames": [
                          {
                            "@type": "text",
                            "value": {
                              "text": "open",
                              "locale": "en-US"
                            }
                          },
                          {
                            "@type": "text",
                            "value": {
                              "text": "öffnen",
                              "locale": "de-DE"
                            }
                          }
                        ]
                      }
                    },
                    {
                      "value": "close",
                      "modeResources": {
                        "friendlyNames": [
                          {
                            "@type": "text",
                            "value": {
                              "text": "close",
                              "locale": "en-US"
                            }
                          },
                          {
                            "@type": "text",
                            "value": {
                              "text": "schließen",
                              "locale": "de-DE"
                            }
                          }
                        ]
                      }
                    }
                  ]
                },
                "properties": {
                  "supported": [
                    {
                      "name": "mode"
                    }
                  ],
                  "proactivelyReported": false,
                  "retrievable": true
                }
              },
              {
                "type": "AlexaInterface",
                "interface": "Alexa.EndpointHealth",
                "version": "3",
                "properties": {
                  "supported": [
                    {
                      "name": "connectivity"
                    }
                  ],
                  "proactivelyReported": false,
                  "retrievable": true
                }
              }
            ]
          },
          {
            "endpointId": "5309405a0c2d0ad3",
            "manufacturerName": "Velux",
            "friendlyName": "Roller Shutter SU4",
            "description": "A Velux roller shutter",
            "displayCategories": [
              "EXTERIOR_BLIND"
            ],
            "additionalAttributes": {
              "manufacturer": "Velux",
              "model": "NXO",
              "customIdentifier": "5309405a0c2d0ad3"
            },
            "cookie": {},
            "capabilities": [
              {
                "type": "AlexaInterface",
                "interface": "Alexa",
                "version": "3"
              },
              {
                "type": "AlexaInterface",
                "interface": "Alexa.ModeController",
                "version": "3",
                "instance": "Shutter.Position",
                "capabilityResources": {
                  "friendlyNames": [
                    {
                      "@type": "text",
                      "value": {
                        "text": "Shutter",
                        "locale": "en-US"
                      }
                    },
                    {
                      "@type": "text",
                      "value": {
                        "text": "Rolladen",
                        "locale": "de-DE"
                      }
                    },
                    {
                      "@type": "asset",
                      "value": {
                        "assetId": "Alexa.DeviceName.Shade"
                      }
                    }
                  ]
                },
                "configuration": {
                  "ordered": false,
                  "supportedModes": [
                    {
                      "value": "open",
                      "modeResources": {
                        "friendlyNames": [
                          {
                            "@type": "text",
                            "value": {
                              "text": "open",
                              "locale": "en-US"
                            }
                          },
                          {
                            "@type": "text",
                            "value": {
                              "text": "öffnen",
                              "locale": "de-DE"
                            }
                          }
                        ]
                      }
                    },
                    {
                      "value": "close",
                      "modeResources": {
                        "friendlyNames": [
                          {
                            "@type": "text",
                            "value": {
                              "text": "close",
                              "locale": "en-US"
                            }
                          },
                          {
                            "@type": "text",
                            "value": {
                              "text": "schließen",
                              "locale": "de-DE"
                            }
                          }
                        ]
                      }
                    }
                  ]
                },
                "properties": {
                  "supported": [
                    {
                      "name": "mode"
                    }
                  ],
                  "proactivelyReported": false,
                  "retrievable": true
                }
              },
              {
                "type": "AlexaInterface",
                "interface": "Alexa.EndpointHealth",
                "version": "3",
                "properties": {
                  "supported": [
                    {
                      "name": "connectivity"
                    }
                  ],
                  "proactivelyReported": false,
                  "retrievable": true
                }
              }
            ]
          },
          {
            "endpointId": "5309405a0c2d0ad9",
            "manufacturerName": "Velux",
            "friendlyName": "Roller Shutter SU3",
            "description": "A Velux roller shutter",
            "displayCategories": [
              "EXTERIOR_BLIND"
            ],
            "additionalAttributes": {
              "manufacturer": "Velux",
              "model": "NXO",
              "customIdentifier": "5309405a0c2d0ad9"
            },
            "cookie": {},
            "capabilities": [
              {
                "type": "AlexaInterface",
                "interface": "Alexa",
                "version": "3"
              },
              {
                "type": "AlexaInterface",
                "interface": "Alexa.ModeController",
                "version": "3",
                "instance": "Shutter.Position",
                "capabilityResources": {
                  "friendlyNames": [
                    {
                      "@type": "text",
                      "value": {
                        "text": "Shutter",
                        "locale": "en-US"
                      }
                    },
                    {
                      "@type": "text",
                      "value": {
                        "text": "Rolladen",
                        "locale": "de-DE"
                      }
                    },
                    {
                      "@type": "asset",
                      "value": {
                        "assetId": "Alexa.DeviceName.Shade"
                      }
                    }
                  ]
                },
                "configuration": {
                  "ordered": false,
                  "supportedModes": [
                    {
                      "value": "open",
                      "modeResources": {
                        "friendlyNames": [
                          {
                            "@type": "text",
                            "value": {
                              "text": "open",
                              "locale": "en-US"
                            }
                          },
                          {
                            "@type": "text",
                            "value": {
                              "text": "öffnen",
                              "locale": "de-DE"
                            }
                          }
                        ]
                      }
                    },
                    {
                      "value": "close",
                      "modeResources": {
                        "friendlyNames": [
                          {
                            "@type": "text",
                            "value": {
                              "text": "close",
                              "locale": "en-US"
                            }
                          },
                          {
                            "@type": "text",
                            "value": {
                              "text": "schließen",
                              "locale": "de-DE"
                            }
                          }
                        ]
                      }
                    }
                  ]
                },
                "properties": {
                  "supported": [
                    {
                      "name": "mode"
                    }
                  ],
                  "proactivelyReported": false,
                  "retrievable": true
                }
              },
              {
                "type": "AlexaInterface",
                "interface": "Alexa.EndpointHealth",
                "version": "3",
                "properties": {
                  "supported": [
                    {
                      "name": "connectivity"
                    }
                  ],
                  "proactivelyReported": false,
                  "retrievable": true
                }
              }
            ]
          },
          {
            "endpointId": "5309405a0c2a02e0",
            "manufacturerName": "Velux",
            "friendlyName": "Roller Shutter Baby Nord",
            "description": "A Velux roller shutter",
            "displayCategories": [
              "EXTERIOR_BLIND"
            ],
            "additionalAttributes": {
              "manufacturer": "Velux",
              "model": "NXO",
              "customIdentifier": "5309405a0c2a02e0"
            },
            "cookie": {},
            "capabilities": [
              {
                "type": "AlexaInterface",
                "interface": "Alexa",
                "version": "3"
              },
              {
                "type": "AlexaInterface",
                "interface": "Alexa.ModeController",
                "version": "3",
                "instance": "Shutter.Position",
                "capabilityResources": {
                  "friendlyNames": [
                    {
                      "@type": "text",
                      "value": {
                        "text": "Shutter",
                        "locale": "en-US"
                      }
                    },
                    {
                      "@type": "text",
                      "value": {
                        "text": "Rolladen",
                        "locale": "de-DE"
                      }
                    },
                    {
                      "@type": "asset",
                      "value": {
                        "assetId": "Alexa.DeviceName.Shade"
                      }
                    }
                  ]
                },
                "configuration": {
                  "ordered": false,
                  "supportedModes": [
                    {
                      "value": "open",
                      "modeResources": {
                        "friendlyNames": [
                          {
                            "@type": "text",
                            "value": {
                              "text": "open",
                              "locale": "en-US"
                            }
                          },
                          {
                            "@type": "text",
                            "value": {
                              "text": "öffnen",
                              "locale": "de-DE"
                            }
                          }
                        ]
                      }
                    },
                    {
                      "value": "close",
                      "modeResources": {
                        "friendlyNames": [
                          {
                            "@type": "text",
                            "value": {
                              "text": "close",
                              "locale": "en-US"
                            }
                          },
                          {
                            "@type": "text",
                            "value": {
                              "text": "schließen",
                              "locale": "de-DE"
                            }
                          }
                        ]
                      }
                    }
                  ]
                },
                "properties": {
                  "supported": [
                    {
                      "name": "mode"
                    }
                  ],
                  "proactivelyReported": false,
                  "retrievable": true
                }
              },
              {
                "type": "AlexaInterface",
                "interface": "Alexa.EndpointHealth",
                "version": "3",
                "properties": {
                  "supported": [
                    {
                      "name": "connectivity"
                    }
                  ],
                  "proactivelyReported": false,
                  "retrievable": true
                }
              }
            ]
          },
          {
            "endpointId": "5309405a0c2d0ad4",
            "manufacturerName": "Velux",
            "friendlyName": "Roller Shutter SO1",
            "description": "A Velux roller shutter",
            "displayCategories": [
              "EXTERIOR_BLIND"
            ],
            "additionalAttributes": {
              "manufacturer": "Velux",
              "model": "NXO",
              "customIdentifier": "5309405a0c2d0ad4"
            },
            "cookie": {},
            "capabilities": [
              {
                "type": "AlexaInterface",
                "interface": "Alexa",
                "version": "3"
              },
              {
                "type": "AlexaInterface",
                "interface": "Alexa.ModeController",
                "version": "3",
                "instance": "Shutter.Position",
                "capabilityResources": {
                  "friendlyNames": [
                    {
                      "@type": "text",
                      "value": {
                        "text": "Shutter",
                        "locale": "en-US"
                      }
                    },
                    {
                      "@type": "text",
                      "value": {
                        "text": "Rolladen",
                        "locale": "de-DE"
                      }
                    },
                    {
                      "@type": "asset",
                      "value": {
                        "assetId": "Alexa.DeviceName.Shade"
                      }
                    }
                  ]
                },
                "configuration": {
                  "ordered": false,
                  "supportedModes": [
                    {
                      "value": "open",
                      "modeResources": {
                        "friendlyNames": [
                          {
                            "@type": "text",
                            "value": {
                              "text": "open",
                              "locale": "en-US"
                            }
                          },
                          {
                            "@type": "text",
                            "value": {
                              "text": "öffnen",
                              "locale": "de-DE"
                            }
                          }
                        ]
                      }
                    },
                    {
                      "value": "close",
                      "modeResources": {
                        "friendlyNames": [
                          {
                            "@type": "text",
                            "value": {
                              "text": "close",
                              "locale": "en-US"
                            }
                          },
                          {
                            "@type": "text",
                            "value": {
                              "text": "schließen",
                              "locale": "de-DE"
                            }
                          }
                        ]
                      }
                    }
                  ]
                },
                "properties": {
                  "supported": [
                    {
                      "name": "mode"
                    }
                  ],
                  "proactivelyReported": false,
                  "retrievable": true
                }
              },
              {
                "type": "AlexaInterface",
                "interface": "Alexa.EndpointHealth",
                "version": "3",
                "properties": {
                  "supported": [
                    {
                      "name": "connectivity"
                    }
                  ],
                  "proactivelyReported": false,
                  "retrievable": true
                }
              }
            ]
          },
          {
            "endpointId": "5309405a0c2d07aa",
            "manufacturerName": "Velux",
            "friendlyName": "Roller Shutter SO2",
            "description": "A Velux roller shutter",
            "displayCategories": [
              "EXTERIOR_BLIND"
            ],
            "additionalAttributes": {
              "manufacturer": "Velux",
              "model": "NXO",
              "customIdentifier": "5309405a0c2d07aa"
            },
            "cookie": {},
            "capabilities": [
              {
                "type": "AlexaInterface",
                "interface": "Alexa",
                "version": "3"
              },
              {
                "type": "AlexaInterface",
                "interface": "Alexa.ModeController",
                "version": "3",
                "instance": "Shutter.Position",
                "capabilityResources": {
                  "friendlyNames": [
                    {
                      "@type": "text",
                      "value": {
                        "text": "Shutter",
                        "locale": "en-US"
                      }
                    },
                    {
                      "@type": "text",
                      "value": {
                        "text": "Rolladen",
                        "locale": "de-DE"
                      }
                    },
                    {
                      "@type": "asset",
                      "value": {
                        "assetId": "Alexa.DeviceName.Shade"
                      }
                    }
                  ]
                },
                "configuration": {
                  "ordered": false,
                  "supportedModes": [
                    {
                      "value": "open",
                      "modeResources": {
                        "friendlyNames": [
                          {
                            "@type": "text",
                            "value": {
                              "text": "open",
                              "locale": "en-US"
                            }
                          },
                          {
                            "@type": "text",
                            "value": {
                              "text": "öffnen",
                              "locale": "de-DE"
                            }
                          }
                        ]
                      }
                    },
                    {
                      "value": "close",
                      "modeResources": {
                        "friendlyNames": [
                          {
                            "@type": "text",
                            "value": {
                              "text": "close",
                              "locale": "en-US"
                            }
                          },
                          {
                            "@type": "text",
                            "value": {
                              "text": "schließen",
                              "locale": "de-DE"
                            }
                          }
                        ]
                      }
                    }
                  ]
                },
                "properties": {
                  "supported": [
                    {
                      "name": "mode"
                    }
                  ],
                  "proactivelyReported": false,
                  "retrievable": true
                }
              },
              {
                "type": "AlexaInterface",
                "interface": "Alexa.EndpointHealth",
                "version": "3",
                "properties": {
                  "supported": [
                    {
                      "name": "connectivity"
                    }
                  ],
                  "proactivelyReported": false,
                  "retrievable": true
                }
              }
            ]
          },
          {
            "endpointId": "5309405a0c2d0887",
            "manufacturerName": "Velux",
            "friendlyName": "Roller Shutter SO3",
            "description": "A Velux roller shutter",
            "displayCategories": [
              "EXTERIOR_BLIND"
            ],
            "additionalAttributes": {
              "manufacturer": "Velux",
              "model": "NXO",
              "customIdentifier": "5309405a0c2d0887"
            },
            "cookie": {},
            "capabilities": [
              {
                "type": "AlexaInterface",
                "interface": "Alexa",
                "version": "3"
              },
              {
                "type": "AlexaInterface",
                "interface": "Alexa.ModeController",
                "version": "3",
                "instance": "Shutter.Position",
                "capabilityResources": {
                  "friendlyNames": [
                    {
                      "@type": "text",
                      "value": {
                        "text": "Shutter",
                        "locale": "en-US"
                      }
                    },
                    {
                      "@type": "text",
                      "value": {
                        "text": "Rolladen",
                        "locale": "de-DE"
                      }
                    },
                    {
                      "@type": "asset",
                      "value": {
                        "assetId": "Alexa.DeviceName.Shade"
                      }
                    }
                  ]
                },
                "configuration": {
                  "ordered": false,
                  "supportedModes": [
                    {
                      "value": "open",
                      "modeResources": {
                        "friendlyNames": [
                          {
                            "@type": "text",
                            "value": {
                              "text": "open",
                              "locale": "en-US"
                            }
                          },
                          {
                            "@type": "text",
                            "value": {
                              "text": "öffnen",
                              "locale": "de-DE"
                            }
                          }
                        ]
                      }
                    },
                    {
                      "value": "close",
                      "modeResources": {
                        "friendlyNames": [
                          {
                            "@type": "text",
                            "value": {
                              "text": "close",
                              "locale": "en-US"
                            }
                          },
                          {
                            "@type": "text",
                            "value": {
                              "text": "schließen",
                              "locale": "de-DE"
                            }
                          }
                        ]
                      }
                    }
                  ]
                },
                "properties": {
                  "supported": [
                    {
                      "name": "mode"
                    }
                  ],
                  "proactivelyReported": false,
                  "retrievable": true
                }
              },
              {
                "type": "AlexaInterface",
                "interface": "Alexa.EndpointHealth",
                "version": "3",
                "properties": {
                  "supported": [
                    {
                      "name": "connectivity"
                    }
                  ],
                  "proactivelyReported": false,
                  "retrievable": true
                }
              }
            ]
          },
          {
            "endpointId": "5309405a0c2d0aac",
            "manufacturerName": "Velux",
            "friendlyName": "Roller Shutter NU1",
            "description": "A Velux roller shutter",
            "displayCategories": [
              "EXTERIOR_BLIND"
            ],
            "additionalAttributes": {
              "manufacturer": "Velux",
              "model": "NXO",
              "customIdentifier": "5309405a0c2d0aac"
            },
            "cookie": {},
            "capabilities": [
              {
                "type": "AlexaInterface",
                "interface": "Alexa",
                "version": "3"
              },
              {
                "type": "AlexaInterface",
                "interface": "Alexa.ModeController",
                "version": "3",
                "instance": "Shutter.Position",
                "capabilityResources": {
                  "friendlyNames": [
                    {
                      "@type": "text",
                      "value": {
                        "text": "Shutter",
                        "locale": "en-US"
                      }
                    },
                    {
                      "@type": "text",
                      "value": {
                        "text": "Rolladen",
                        "locale": "de-DE"
                      }
                    },
                    {
                      "@type": "asset",
                      "value": {
                        "assetId": "Alexa.DeviceName.Shade"
                      }
                    }
                  ]
                },
                "configuration": {
                  "ordered": false,
                  "supportedModes": [
                    {
                      "value": "open",
                      "modeResources": {
                        "friendlyNames": [
                          {
                            "@type": "text",
                            "value": {
                              "text": "open",
                              "locale": "en-US"
                            }
                          },
                          {
                            "@type": "text",
                            "value": {
                              "text": "öffnen",
                              "locale": "de-DE"
                            }
                          }
                        ]
                      }
                    },
                    {
                      "value": "close",
                      "modeResources": {
                        "friendlyNames": [
                          {
                            "@type": "text",
                            "value": {
                              "text": "close",
                              "locale": "en-US"
                            }
                          },
                          {
                            "@type": "text",
                            "value": {
                              "text": "schließen",
                              "locale": "de-DE"
                            }
                          }
                        ]
                      }
                    }
                  ]
                },
                "properties": {
                  "supported": [
                    {
                      "name": "mode"
                    }
                  ],
                  "proactivelyReported": false,
                  "retrievable": true
                }
              },
              {
                "type": "AlexaInterface",
                "interface": "Alexa.EndpointHealth",
                "version": "3",
                "properties": {
                  "supported": [
                    {
                      "name": "connectivity"
                    }
                  ],
                  "proactivelyReported": false,
                  "retrievable": true
                }
              }
            ]
          },
          {
            "endpointId": "5309405a0c29078b",
            "manufacturerName": "Velux",
            "friendlyName": "Roller Shutter Baby Sued",
            "description": "A Velux roller shutter",
            "displayCategories": [
              "EXTERIOR_BLIND"
            ],
            "additionalAttributes": {
              "manufacturer": "Velux",
              "model": "NXO",
              "customIdentifier": "5309405a0c29078b"
            },
            "cookie": {},
            "capabilities": [
              {
                "type": "AlexaInterface",
                "interface": "Alexa",
                "version": "3"
              },
              {
                "type": "AlexaInterface",
                "interface": "Alexa.ModeController",
                "version": "3",
                "instance": "Shutter.Position",
                "capabilityResources": {
                  "friendlyNames": [
                    {
                      "@type": "text",
                      "value": {
                        "text": "Shutter",
                        "locale": "en-US"
                      }
                    },
                    {
                      "@type": "text",
                      "value": {
                        "text": "Rolladen",
                        "locale": "de-DE"
                      }
                    },
                    {
                      "@type": "asset",
                      "value": {
                        "assetId": "Alexa.DeviceName.Shade"
                      }
                    }
                  ]
                },
                "configuration": {
                  "ordered": false,
                  "supportedModes": [
                    {
                      "value": "open",
                      "modeResources": {
                        "friendlyNames": [
                          {
                            "@type": "text",
                            "value": {
                              "text": "open",
                              "locale": "en-US"
                            }
                          },
                          {
                            "@type": "text",
                            "value": {
                              "text": "öffnen",
                              "locale": "de-DE"
                            }
                          }
                        ]
                      }
                    },
                    {
                      "value": "close",
                      "modeResources": {
                        "friendlyNames": [
                          {
                            "@type": "text",
                            "value": {
                              "text": "close",
                              "locale": "en-US"
                            }
                          },
                          {
                            "@type": "text",
                            "value": {
                              "text": "schließen",
                              "locale": "de-DE"
                            }
                          }
                        ]
                      }
                    }
                  ]
                },
                "properties": {
                  "supported": [
                    {
                      "name": "mode"
                    }
                  ],
                  "proactivelyReported": false,
                  "retrievable": true
                }
              },
              {
                "type": "AlexaInterface",
                "interface": "Alexa.EndpointHealth",
                "version": "3",
                "properties": {
                  "supported": [
                    {
                      "name": "connectivity"
                    }
                  ],
                  "proactivelyReported": false,
                  "retrievable": true
                }
              }
            ]
          },
          {
            "endpointId": "5309405a110402ea",
            "manufacturerName": "Velux",
            "friendlyName": "Roller Shutter SU1",
            "description": "A Velux roller shutter",
            "displayCategories": [
              "EXTERIOR_BLIND"
            ],
            "additionalAttributes": {
              "manufacturer": "Velux",
              "model": "NXO",
              "customIdentifier": "5309405a110402ea"
            },
            "cookie": {},
            "capabilities": [
              {
                "type": "AlexaInterface",
                "interface": "Alexa",
                "version": "3"
              },
              {
                "type": "AlexaInterface",
                "interface": "Alexa.ModeController",
                "version": "3",
                "instance": "Shutter.Position",
                "capabilityResources": {
                  "friendlyNames": [
                    {
                      "@type": "text",
                      "value": {
                        "text": "Shutter",
                        "locale": "en-US"
                      }
                    },
                    {
                      "@type": "text",
                      "value": {
                        "text": "Rolladen",
                        "locale": "de-DE"
                      }
                    },
                    {
                      "@type": "asset",
                      "value": {
                        "assetId": "Alexa.DeviceName.Shade"
                      }
                    }
                  ]
                },
                "configuration": {
                  "ordered": false,
                  "supportedModes": [
                    {
                      "value": "open",
                      "modeResources": {
                        "friendlyNames": [
                          {
                            "@type": "text",
                            "value": {
                              "text": "open",
                              "locale": "en-US"
                            }
                          },
                          {
                            "@type": "text",
                            "value": {
                              "text": "öffnen",
                              "locale": "de-DE"
                            }
                          }
                        ]
                      }
                    },
                    {
                      "value": "close",
                      "modeResources": {
                        "friendlyNames": [
                          {
                            "@type": "text",
                            "value": {
                              "text": "close",
                              "locale": "en-US"
                            }
                          },
                          {
                            "@type": "text",
                            "value": {
                              "text": "schließen",
                              "locale": "de-DE"
                            }
                          }
                        ]
                      }
                    }
                  ]
                },
                "properties": {
                  "supported": [
                    {
                      "name": "mode"
                    }
                  ],
                  "proactivelyReported": false,
                  "retrievable": true
                }
              },
              {
                "type": "AlexaInterface",
                "interface": "Alexa.EndpointHealth",
                "version": "3",
                "properties": {
                  "supported": [
                    {
                      "name": "connectivity"
                    }
                  ],
                  "proactivelyReported": false,
                  "retrievable": true
                }
              }
            ]
          },
          {
            "endpointId": "5309405a0c2d0ad7",
            "manufacturerName": "Velux",
            "friendlyName": "Roller Shutter NO2",
            "description": "A Velux roller shutter",
            "displayCategories": [
              "EXTERIOR_BLIND"
            ],
            "additionalAttributes": {
              "manufacturer": "Velux",
              "model": "NXO",
              "customIdentifier": "5309405a0c2d0ad7"
            },
            "cookie": {},
            "capabilities": [
              {
                "type": "AlexaInterface",
                "interface": "Alexa",
                "version": "3"
              },
              {
                "type": "AlexaInterface",
                "interface": "Alexa.ModeController",
                "version": "3",
                "instance": "Shutter.Position",
                "capabilityResources": {
                  "friendlyNames": [
                    {
                      "@type": "text",
                      "value": {
                        "text": "Shutter",
                        "locale": "en-US"
                      }
                    },
                    {
                      "@type": "text",
                      "value": {
                        "text": "Rolladen",
                        "locale": "de-DE"
                      }
                    },
                    {
                      "@type": "asset",
                      "value": {
                        "assetId": "Alexa.DeviceName.Shade"
                      }
                    }
                  ]
                },
                "configuration": {
                  "ordered": false,
                  "supportedModes": [
                    {
                      "value": "open",
                      "modeResources": {
                        "friendlyNames": [
                          {
                            "@type": "text",
                            "value": {
                              "text": "open",
                              "locale": "en-US"
                            }
                          },
                          {
                            "@type": "text",
                            "value": {
                              "text": "öffnen",
                              "locale": "de-DE"
                            }
                          }
                        ]
                      }
                    },
                    {
                      "value": "close",
                      "modeResources": {
                        "friendlyNames": [
                          {
                            "@type": "text",
                            "value": {
                              "text": "close",
                              "locale": "en-US"
                            }
                          },
                          {
                            "@type": "text",
                            "value": {
                              "text": "schließen",
                              "locale": "de-DE"
                            }
                          }
                        ]
                      }
                    }
                  ]
                },
                "properties": {
                  "supported": [
                    {
                      "name": "mode"
                    }
                  ],
                  "proactivelyReported": false,
                  "retrievable": true
                }
              },
              {
                "type": "AlexaInterface",
                "interface": "Alexa.EndpointHealth",
                "version": "3",
                "properties": {
                  "supported": [
                    {
                      "name": "connectivity"
                    }
                  ],
                  "proactivelyReported": false,
                  "retrievable": true
                }
              }
            ]
          }
        ]
      }
    }
  }